{
  "_meta": {
    "sources": [
      "loopback/common/models",
      "loopback/server/models",
      "../common/models",
      "./models"
    ],
    "mixins": [
      "loopback/common/mixins",
      "loopback/server/mixins",
      "../common/mixins",
      "./mixins"
    ]
  },
  "User": {
    "dataSource": "db"
  },
  "AccessToken": {
    "dataSource": "db",
    "public": false
  },
  "ACL": {
    "dataSource": "db",
    "public": false
  },
  "RoleMapping": {
    "dataSource": "db",
    "public": false,
    "options": {
      "strictObjectIDCoercion": true
    }
  },
  "Role": {
    "dataSource": "db",
    "public": false
  },
  "projeto": {
    "dataSource": "db",
    "public": true,
    "options": {
      "remoting": {
        "sharedMethods": {
          "deleteAll": false,
          "deleteById": false
        }
      }
    }
  },
  "ProjetoCanvas": {
    "dataSource": "db",
    "public": true,
    "options": {
      "remoting": {
        "sharedMethods": {
          "deleteAll": false,
          "deleteById": false
        }
      }
    }
  },
  "ProjetoMySql": {
    "dataSource": "mysqlDS",
    "public": true,
    "options": {
      "remoting": {
        "sharedMethods": {
          "deleteAll": false,
          "deleteById": false,
          "prototype.__delete__ganhoDorCanvasMySqls": false,
          "prototype.__destroyById__ganhoDorCanvasMySqls": false,
          "prototype.__delete__mvpCanvasMySqls": false,
          "prototype.__destroyById__mvpCanvasMySqls": false,
          "prototype.__delete__projetoCanvasMySqls": false,
          "prototype.__destroyById__projetoCanvasMySqls": false,
          "prototype.__delete__paginaValidacaoWebs": false,
          "prototype.__destroyById__paginaValidacaoWebs": false
        }
      }
    }
  },
  "ProjetoCanvasMySql": {
    "dataSource": "mysqlDS",
    "public": true,
    "options": {
      "remoting": {
        "sharedMethods": {
          "deleteAll": false,
          "deleteById": false
        }
      }
    }
  },
  "MvpCanvasMySql": {
    "dataSource": "mysqlDS",
    "public": true,
    "options": {
      "remoting": {
        "sharedMethods": {
          "deleteAll": false,
          "deleteById": false
        }
      }
    }
  },
  "GanhoDorCanvasMySql": {
    "dataSource": "mysqlDS",
    "public": true,
    "options": {
      "remoting": {
        "sharedMethods": {
          "deleteAll": false,
          "deleteById": false
        }
      }
    }
  },
  "PaginaValidacaoWeb": {
    "dataSource": "mysqlDS",
    "public": true,
    "options": {
      "remoting": {
        "sharedMethods": {
          "deleteAll": false,
          "deleteById": false
        }
      }
    }
  },
  "ItemValidacaoPagina": {
    "dataSource": "mysqlDS",
    "public": true,
    "options": {
      "remoting": {
        "sharedMethods": {
          "deleteAll": false,
          "deleteById": false
        }
      }
    }
  },
  "RegistroInteresse": {
    "dataSource": "mysqlDS",
    "public": true,
    "options": {
      "remoting": {
        "sharedMethods": {
          "deleteAll": false,
          "deleteById": false
        }
      }
    }
  },
  "ProjetoExemplo": {
    "dataSource": "mysqlDS",
    "public": true,
    "options": {
      "remoting": {
        "sharedMethods": {
          "deleteAll": false,
          "deleteById": false
        }
      }
    }
  },
  "Receita": {
    "dataSource": "mysqlDS",
    "public": true,
    "options": {
      "remoting": {
        "sharedMethods": {
          "deleteAll": false,
          "deleteById": false
        }
      }
    }
  },
  "container": {
    "dataSource": "storage",
    "public": true,
    "options": {
      "remoting": {
        "sharedMethods": {
          "deleteAll": false,
          "deleteById": false
        }
      }
    }
  },
  "Visitante": {
    "dataSource": "mysqlDS",
    "public": true,
    "options": {
      "remoting": {
        "sharedMethods": {
          "deleteAll": false,
          "deleteById": false
        }
      }
    }
  },
  "AnuncioAds": {
    "dataSource": "mysqlDS",
    "public": true
  },
  "CampanhaAds": {
    "dataSource": "mysqlDS",
    "public": true
  },
  "PalavraChaveAds": {
    "dataSource": "mysqlDS",
    "public": true
  },
  "aplicacao": {
    "dataSource": "mysqlDS",
    "public": true
  },
  "atributo_entidade": {
    "dataSource": "mysqlDS",
    "public": true
  },
  "entidade": {
    "dataSource": "mysqlDS",
    "public": true
  },
  "ModeloCampanhaAds": {
    "dataSource": "mysqlDS",
    "public": true
  },
  "relacionamento_entidade": {
    "dataSource": "mysqlDS",
    "public": true
  }
}
