{
  "name": "AnuncioAds",
  "base": "PersistedModel",
  "idInjection": true,
  "options": {
    "validateUpsert": true
  },
  "properties": {
    "id": {
      "type": "number"
    },
    "titulo1": {
      "type": "string"
    },
    "titulo2": {
      "type": "string"
    },
    "titulo3": {
      "type": "string"
    },
    "descricao1": {
      "type": "string"
    },
    "descricao2": {
      "type": "string"
    }
  },
  "validations": [],
  "relations": {
    "projetoCanvasMySql": {
      "type": "belongsTo",
      "model": "ProjetoCanvasMySql",
      "foreignKey": "",
      "options": {
        "nestRemoting": true
      }
    }
  },
  "acls": [],
  "methods": {
    "paraCampanhaPorIdPagina": {
      "accepts": [
        {
          "arg": "idPagina",
          "type": "number",
          "required": true,
          "description": ""
        }
      ],
      "returns": [
        {
          "arg": "listaAnuncioAds",
          "type": "array",
          "root": true,
          "description": ""
        }
      ],
      "description": "",
      "http": [
        {
          "path": "/paraCampanhaPorIdPagina",
          "verb": "get"
        }
      ]
    },
    "ListaParaTesteCampanha": {
      "accepts": [],
      "returns": [
        {
          "arg": "listaSaida",
          "type": "array",
          "root": true,
          "description": ""
        }
      ],
      "description": "Somente para teste",
      "http": [
        {
          "path": "/listaTesteCampanha",
          "verb": "get"
        }
      ]
    }
  }
}
