{
  "name": "aplicacao",
  "base": "PersistedModel",
  "idInjection": true,
  "options": {
    "validateUpsert": true
  },
  "properties": {
    "id_aplicacao": {
      "type": "number",
      "id": true
    },
    "nome": {
      "type": "string"
    },
    "diretorio": {
      "type": "string"
    },
    "namespace": {
      "type": "string"
    },
    "diretorio_java": {
      "type": "string"
    }
  },
  "validations": [],
  "relations": {
    "projetoMySql": {
      "type": "belongsTo",
      "model": "ProjetoMySql",
      "foreignKey": "",
      "options": {
        "nestRemoting": true
      }
    },
    "entidades": {
      "type": "hasMany",
      "model": "entidade",
      "foreignKey": "id_aplicacao",
      "options": {
        "nestRemoting": true
      }
    },
    "telaWebs": {
      "type": "hasMany",
      "model": "TelaWeb",
      "foreignKey": ""
    }
  },
  "acls": [],
  "methods": {}
}
