{
  "name": "CampanhaPalavraChaveResultado",
  "base": "PersistedModel",
  "idInjection": true,
  "options": {
    "validateUpsert": true
  },
  "properties": {
    "idAds": {
      "type": "string"
    },
    "quantidadeImpressao": {
      "type": "number"
    },
    "quantidadeClique": {
      "type": "number"
    },
    "custo": {
      "type": "number"
    }
  },
  "validations": [],
  "relations": {
    "palavraChaveAds": {
      "type": "belongsTo",
      "model": "PalavraChaveAds",
      "foreignKey": ""
    },
    "campanhaAds": {
      "type": "belongsTo",
      "model": "CampanhaAds",
      "foreignKey": ""
    }
  },
  "acls": [],
  "methods": {}
}
