{
  "name": "CampanhaAds",
  "base": "PersistedModel",
  "idInjection": true,
  "options": {
    "validateUpsert": true
  },
  "properties": {
    "id": {
      "type": "number"
    },
    "idAds": {
      "type": "string"
    },
    "nome": {
      "type": "string"
    },
    "dataInicial": {
      "type": "date"
    },
    "dataFinal": {
      "type": "date"
    },
    "dataPublicacao": {
      "type": "date"
    },
    "dataResultado": {
      "type": "date"
    },
    "dataFechamento": {
      "type": "date"
    },
    "quantidadeImpressao": {
      "type": "number"
    },
    "quantidadeClique": {
      "type": "number"
    },
    "quantidadeConversao": {
      "type": "number"
    },
    "orcamentoDia": {
      "type": "number"
    },
    "orcamentoTotalPlanejado": {
      "type": "number"
    },
    "orcamentoTotalExecutado": {
      "type": "number"
    },
    "urlAlvo": {
      "type": "string"
    },
    "finalizadaProducao": {
      "type": "Boolean"
    }
  },
  "validations": [],
  "relations": {
    "anuncioAds": {
      "type": "hasAndBelongsToMany",
      "model": "AnuncioAds",
      "foreignKey": ""
    },
    "modeloCampanhaAds": {
      "type": "belongsTo",
      "model": "ModeloCampanhaAds",
      "foreignKey": "",
      "options": {
        "nestRemoting": true
      }
    },
    "palavraChaveAds": {
      "type": "hasAndBelongsToMany",
      "model": "PalavraChaveAds",
      "foreignKey": ""
    },
    "campanhaAnuncioResultados": {
      "type": "hasMany",
      "model": "CampanhaAnuncioResultado",
      "foreignKey": ""
    },
    "campanhaPalavraChaveResultados": {
      "type": "hasMany",
      "model": "CampanhaPalavraChaveResultado",
      "foreignKey": ""
    }
  },
  "acls": [],
  "methods": {
    "listaParaPublicar": {
      "accepts": [],
      "returns": [
        {
          "arg": "listaCampanha",
          "type": "array",
          "root": true,
          "description": ""
        }
      ],
      "description": "lista de campanhas para ser publicada online",
      "http": [
        {
          "path": "/listaParaPublicar",
          "verb": "get"
        }
      ]
    },
    "listaParaPublicarTeste": {
      "accepts": [
        {
          "arg": "idCampanha",
          "type": "number",
          "required": true,
          "description": ""
        }
      ],
      "returns": [
        {
          "arg": "listaCampanha",
          "type": "array",
          "root": true,
          "description": ""
        }
      ],
      "description": "lista de campanhas para ser publicada teste, recebendo um id",
      "http": [
        {
          "path": "/listaParaPublicarTeste",
          "verb": "get"
        }
      ]
    },
    "CriaNovaPorPagina": {
      "accepts": [
        {
          "arg": "idPagina",
          "type": "number",
          "required": true,
          "description": ""
        }
      ],
      "returns": [
        {
          "arg": "campanha",
          "type": "object",
          "root": true,
          "description": ""
        }
      ],
      "description": "Cria uma nova campanha para uma pagina",
      "http": [
        {
          "path": "/criaNovaPorPagina",
          "verb": "get"
        }
      ]
    },
    "ParaPublicarPorId": {
      "accepts": [
        {
          "arg": "idCampanha",
          "type": "number",
          "required": true,
          "description": ""
        }
      ],
      "returns": [
        {
          "arg": "campanha",
          "type": "object",
          "root": true,
          "description": ""
        }
      ],
      "description": "campanha completa pesquisando por id",
      "http": [
        {
          "path": "/paraPublicarPorId",
          "verb": "get"
        }
      ]
    },
    "ListaParaResultado": {
      "accepts": [],
      "returns": [
        {
          "arg": "listaCampanha",
          "type": "array",
          "root": true,
          "description": ""
        }
      ],
      "description": "vai retornar uma lista com as campanhas que precisam atualizar resultados",
      "http": [
        {
          "path": "/listaParaResultado",
          "verb": "get"
        }
      ]
    },
    "ListaParaResultadoTeste": {
      "accepts": [
        {
          "arg": "idCampanha",
          "type": "number",
          "required": true,
          "description": ""
        }
      ],
      "returns": [
        {
          "arg": "listaCampanha",
          "type": "array",
          "root": true,
          "description": ""
        }
      ],
      "description": "alternativa de teste",
      "http": [
        {
          "path": "/listaParaResultadoTeste",
          "verb": "get"
        }
      ]
    }
  }
}
