{
  "name": "entidade",
  "base": "PersistedModel",
  "idInjection": true,
  "options": {
    "validateUpsert": true
  },
  "properties": {
    "id_entidade": {
      "type": "number",
      "id": true
    },
    "nome": {
      "type": "string"
    },
    "id_chave": {
      "type": "number"
    },
    "classe_pai": {
      "type": "string"
    },
    "ordenacao": {
      "type": "number"
    },
    "associativa": {
      "type": "boolean"
    },
    "id_atributo_identificador": {
      "type": "number"
    },
    "id_entidade_pai": {
      "type": "number"
    }
  },
  "validations": [],
  "relations": {
    "atributoEntidades": {
      "type": "hasMany",
      "model": "atributo_entidade",
      "foreignKey": "id_entidade",
      "options": {
        "nestRemoting": true
      }
    },
    "rel1": {
      "type": "hasMany",
      "model": "relacionamento_entidade",
      "foreignKey": "id_entidade1"
    },
    "rel2": {
      "type": "hasMany",
      "model": "relacionamento_entidade",
      "foreignKey": "id_entidade2"
    }
  },
  "acls": [],
  "methods": {
    "listaCompletaRelacionemnto": {
      "accepts": [
        {
          "arg": "idEntidade",
          "type": "number",
          "required": true,
          "description": ""
        }
      ],
      "returns": [
        {
          "arg": "listaRelacionamento",
          "type": "array",
          "root": true,
          "description": ""
        }
      ],
      "description": "",
      "http": [
        {
          "path": "/listaCompletaRelacionamento",
          "verb": "get"
        }
      ]
    }
  }
}
