{
  "name": "GanhoDorCanvasMySql",
  "base": "PersistedModel",
  "idInjection": true,
  "options": {
    "validateUpsert": true
  },
  "properties": {
    "id": {
      "type": "number"
    },
    "descricao": {
      "type": "string",
      "required": true
    },
    "tipo": {
      "type": "string",
      "required": true
    }
  },
  "validations": [],
  "relations": {
    "palavraChaveAds": {
      "type": "hasMany",
      "model": "PalavraChaveAds",
      "foreignKey": ""
    }
  },
  "acls": [],
  "methods": {}
}
