{
  "name": "ItemValidacaoPagina",
  "base": "PersistedModel",
  "idInjection": true,
  "options": {
    "validateUpsert": true
  },
  "properties": {
    "id": {
      "type": "number"
    },
    "urlImagem": {
      "type": "string"
    },
    "ordenacao": {
      "type": "number"
    },
    "titulo": {
      "type": "string"
    },
    "descricaoSimples": {
      "type": "string"
    },
    "bullet1": {
      "type": "string"
    },
    "bullet2": {
      "type": "string"
    },
    "bullet3": {
      "type": "string"
    },
    "mensagemImagem": {
      "type": "string"
    }
  },
  "validations": [],
  "relations": {
    "projetoCanvasMySql": {
      "type": "belongsTo",
      "model": "ProjetoCanvasMySql",
      "foreignKey": "",
      "options": {
        "nestRemoting": true
      }
    }
  },
  "acls": [],
  "methods": {
    "proximoNomeImagem": {
      "accepts": [],
      "returns": [
        {
          "arg": "nomeImagem",
          "type": "string",
          "root": false,
          "description": "Nome da proxima imagem do cliente"
        }
      ],
      "description": "retorna o nome de imagem para o proximo registro",
      "http": [
        {
          "path": "/proximoNomeImagem",
          "verb": "get"
        }
      ]
    },
    "disponiveisPorProjeto": {
      "accepts": [
        {
          "arg": "idProjeto",
          "type": "number",
          "required": true,
          "description": "Id do Projeto para pesquisa"
        }
      ],
      "returns": [
        {
          "arg": "listaItens",
          "type": "array",
          "root": false,
          "description": "Itens de Validacao disponiveis"
        }
      ],
      "description": "Retorna os itens disponiveis para um projeto",
      "http": [
        {
          "path": "/disponiveisProjeto",
          "verb": "get"
        }
      ]
    }
  }
}
