{
  "name": "PalavraChaveAds",
  "base": "PersistedModel",
  "idInjection": true,
  "options": {
    "validateUpsert": true
  },
  "properties": {
    "id": {
      "type": "number"
    },
    "palavra": {
      "type": "string",
      "required": true
    }
  },
  "validations": [],
  "relations": {
    "ganhoDorCanvasMySql": {
      "type": "belongsTo",
      "model": "GanhoDorCanvasMySql",
      "foreignKey": ""
    }
  },
  "acls": [],
  "methods": {
    "ParaCampanhaPorIdPagina": {
      "accepts": [
        {
          "arg": "idPagina",
          "type": "number",
          "required": true,
          "description": ""
        }
      ],
      "returns": [
        {
          "arg": "listaPalavra",
          "type": "array",
          "root": true,
          "description": ""
        }
      ],
      "description": "",
      "http": [
        {
          "path": "/paraCampanhaPorIdPagina",
          "verb": "get"
        }
      ]
    }
  }
}
