{
  "name": "PalavraChaveRaiz",
  "base": "PersistedModel",
  "idInjection": true,
  "options": {
    "validateUpsert": true
  },
  "properties": {
    "palavra": {
      "type": "string",
      "id": true,
      "required": true
    }
  },
  "validations": [],
  "relations": {},
  "acls": [],
  "methods": {
    "ListaParaConsulta": {
      "accepts": [],
      "returns": [
        {
          "arg": "listaPalavra",
          "type": "array",
          "root": true,
          "description": ""
        }
      ],
      "description": "Lista para ir no Ads Google pesquisar",
      "http": [
        {
          "path": "/listaParaConsulta",
          "verb": "get"
        }
      ]
    },
    "ListaParaConsultaTeste": {
      "accepts": [],
      "returns": [
        {
          "arg": "listaPalavra",
          "type": "array",
          "root": true,
          "description": ""
        }
      ],
      "description": "Lista para ir no Ads Google pesquisar",
      "http": [
        {
          "path": "/listaParaConsultaTeste",
          "verb": "get"
        }
      ]
    }
  }
}
