{
  "name": "ProjetoMySql",
  "base": "PersistedModel",
  "idInjection": true,
  "options": {
    "validateUpsert": true
  },
  "properties": {
    "id": {
      "type": "number"
    },
    "nome": {
      "type": "string",
      "required": true
    },
    "valor": {
      "type": "string"
    },
    "mercado": {
      "type": "string"
    },
    "dor": {
      "type": "string"
    }
  },
  "validations": [],
  "relations": {
    "projetoCanvasMySqls": {
      "type": "hasMany",
      "model": "ProjetoCanvasMySql",
      "foreignKey": ""
    },
    "mvpCanvasMySqls": {
      "type": "hasMany",
      "model": "MvpCanvasMySql",
      "foreignKey": "",
      "options": {
        "nestRemoting": true
      }
    },
    "ganhoDorCanvasMySqls": {
      "type": "hasMany",
      "model": "GanhoDorCanvasMySql",
      "foreignKey": "",
      "options": {
        "nestRemoting": true
      }
    },
    "paginaValidacaoWebs": {
      "type": "hasMany",
      "model": "PaginaValidacaoWeb",
      "foreignKey": "",
      "options": {
        "nestRemoting": true
      }
    }
  },
  "acls": [],
  "methods": {}
}
