{
  "name": "ProjetoMySql",
  "base": "PersistedModel",
  "idInjection": true,
  "options": {
    "validateUpsert": true
  },
  "properties": {
    "id": {
      "type": "number"
    },
    "nome": {
      "type": "string",
      "required": true
    },
    "valor": {
      "type": "string"
    },
    "mercado": {
      "type": "string"
    },
    "dor": {
      "type": "string"
    }
  },
  "validations": [],
  "relations": {
    "projetoCanvasMySqls": {
      "type": "hasMany",
      "model": "ProjetoCanvasMySql",
      "foreignKey": ""
    },
    "mvpCanvasMySqls": {
      "type": "hasMany",
      "model": "MvpCanvasMySql",
      "foreignKey": "",
      "options": {
        "nestRemoting": true
      }
    },
    "ganhoDorCanvasMySqls": {
      "type": "hasMany",
      "model": "GanhoDorCanvasMySql",
      "foreignKey": "",
      "options": {
        "nestRemoting": true
      }
    },
    "paginaValidacaoWebs": {
      "type": "hasMany",
      "model": "PaginaValidacaoWeb",
      "foreignKey": "",
      "options": {
        "nestRemoting": true
      }
    }
  },
  "acls": [],
  "methods": {
    "ItensAjudaEntidade": {
      "accepts": [
        {
          "arg": "idProjeto",
          "type": "number",
          "required": true,
          "description": ""
        }
      ],
      "returns": [
        {
          "arg": "listaMvpCanvas",
          "type": "array",
          "root": false,
          "description": "listaGanhoDorCanvas"
        },
        {
          "arg": "listaGanhoDorCanvas",
          "type": "array",
          "root": false,
          "description": ""
        },
        {
          "arg": "listaProjetoCanvas",
          "type": "array",
          "root": false,
          "description": "Lista de itens do canvas de modelo de negocio"
        }
      ],
      "description": "Itens de modelos canvas que vao ajudar a construir as entidades do sistema gerador",
      "http": [
        {
          "path": "/itensAjudaEntidade",
          "verb": "get"
        }
      ]
    }
  }
}
