{
  "name": "ProjetoCanvasMySql",
  "base": "PersistedModel",
  "idInjection": true,
  "options": {
    "validateUpsert": true
  },
  "properties": {
    "id": {
      "type": "number"
    },
    "descricao": {
      "type": "string",
      "required": true
    },
    "tipo": {
      "type": "string",
      "required": true
    }
  },
  "validations": [],
  "relations": {
    "itemValidacaoPaginas": {
      "type": "hasMany",
      "model": "ItemValidacaoPagina",
      "foreignKey": "",
      "options": {
        "nestRemoting": true
      }
    },
    "projeto": {
      "type": "belongsTo",
      "model": "ProjetoMySql",
      "foreignKey": "projetoMySqlId",
      "options": {
        "nestRemoting": true
      }
    },
    "receita": {
      "type": "hasMany",
      "model": "Receita",
      "foreignKey": "",
      "options": {
        "nestRemoting": true
      }
    }
  },
  "acls": [],
  "methods": {}
}
