{
  "name": "RegistroInteresse",
  "base": "PersistedModel",
  "idInjection": true,
  "options": {
    "validateUpsert": true
  },
  "properties": {
    "id": {
      "type": "number"
    },
    "nome": {
      "type": "string"
    },
    "dataHora": {
      "type": "date"
    },
    "email": {
      "type": "string"
    },
    "mensagem": {
      "type": "string"
    }
  },
  "validations": [],
  "relations": {
    "visitante": {
      "type": "belongsTo",
      "model": "Visitante",
      "foreignKey": "",
      "options": {
        "nestRemoting": true
      }
    }
  },
  "acls": [],
  "methods": {}
}
