{
  "name": "relacionamento_entidade",
  "base": "PersistedModel",
  "idInjection": true,
  "options": {
    "validateUpsert": true
  },
  "properties": {
    "id_relacionamento_entidade": {
      "type": "number",
      "id": true
    },
    "qtde_entidade1": {
      "type": "string"
    },
    "qtde_entidade2": {
      "type": "string"
    },
    "nome1": {
      "type": "string"
    },
    "nome2": {
      "type": "string"
    },
    "editavel": {
      "type": "boolean"
    },
    "label_tela": {
      "type": "string"
    },
    "tipo_apresentacao": {
      "type": "string"
    },
    "obrigatorio": {
      "type": "boolean"
    },
    "dependente": {
      "type": "boolean"
    }
  },
  "validations": [],
  "relations": {
    "entidade1": {
      "type": "belongsTo",
      "model": "entidade",
      "foreignKey": "id_entidade1"
    },
    "entidade2": {
      "type": "belongsTo",
      "model": "entidade",
      "foreignKey": "id_entidade2"
    }
  },
  "acls": [],
  "methods": {}
}
