{
  "name": "Visitante",
  "base": "PersistedModel",
  "idInjection": true,
  "options": {
    "validateUpsert": true
  },
  "properties": {
    "codigoCookie": {
      "type": "string"
    },
    "dataHora": {
      "type": "date"
    },
    "id": {
      "type": "number"
    }
  },
  "validations": [],
  "relations": {
    "paginaValidacaoWeb": {
      "type": "belongsTo",
      "model": "PaginaValidacaoWeb",
      "foreignKey": "",
      "options": {
        "nestRemoting": true
      }
    }
  },
  "acls": [],
  "methods": {
    "proximoCookie": {
      "accepts": [],
      "returns": [
        {
          "arg": "codigoCookie",
          "type": "string",
          "root": false,
          "description": "proximo cookie"
        }
      ],
      "description": "retorna o proximo cookie",
      "http": [
        {
          "path": "/proximoCookie",
          "verb": "get"
        }
      ]
    }
  }
}
